{"cameraMode":{"drawMode":0,"name":"Shaded","section":"Shading Mode"},"sceneLighting":true,"audioPlay":false,"sceneViewState":{"showFog":true,"showMaterialUpdate":false,"showSkybox":true,"showFlares":true,"showImageEffects":true,"showParticleSystems":true},"in2DMode":false,"pivot":{"x":-2.659257173538208,"y":0.37963759899139407,"z":95.26948547363281},"rotation":{"x":-0.03329033777117729,"y":-0.02788393571972847,"z":0.0009293086477555335,"w":-0.9990575313568115},"size":10.54464054107666,"orthographic":false}